# ************************************************************
# Sequel Pro SQL dump
# Version 4541
#
# http://www.sequelpro.com/
# https://github.com/sequelpro/sequelpro
#
# Host: 127.0.0.1 (MySQL 5.5.5-10.1.31-MariaDB)
# Database: simkes_sikadik
# Generation Time: 2018-05-31 12:16:14 +0000
# ************************************************************


/*!40101 SET @OLD_CHARACTER_SET_CLIENT=@@CHARACTER_SET_CLIENT */;
/*!40101 SET @OLD_CHARACTER_SET_RESULTS=@@CHARACTER_SET_RESULTS */;
/*!40101 SET @OLD_COLLATION_CONNECTION=@@COLLATION_CONNECTION */;
/*!40101 SET NAMES utf8 */;
/*!40014 SET @OLD_FOREIGN_KEY_CHECKS=@@FOREIGN_KEY_CHECKS, FOREIGN_KEY_CHECKS=0 */;
/*!40101 SET @OLD_SQL_MODE=@@SQL_MODE, SQL_MODE='NO_AUTO_VALUE_ON_ZERO' */;
/*!40111 SET @OLD_SQL_NOTES=@@SQL_NOTES, SQL_NOTES=0 */;


# Dump of table ak_data_kunjungan_pasien
# ------------------------------------------------------------

DROP TABLE IF EXISTS `ak_data_kunjungan_pasien`;

CREATE TABLE `ak_data_kunjungan_pasien` (
  `id_kunjungan` bigint(20) NOT NULL AUTO_INCREMENT,
  `id_pasien` char(50) NOT NULL,
  `tanggal_kunjungan_pasien` date NOT NULL,
  `deleted` tinyint(1) NOT NULL DEFAULT '0',
  PRIMARY KEY (`id_kunjungan`),
  KEY `id_pasien` (`id_pasien`)
) ENGINE=InnoDB DEFAULT CHARSET=latin1;

LOCK TABLES `ak_data_kunjungan_pasien` WRITE;
/*!40000 ALTER TABLE `ak_data_kunjungan_pasien` DISABLE KEYS */;

INSERT INTO `ak_data_kunjungan_pasien` (`id_kunjungan`, `id_pasien`, `tanggal_kunjungan_pasien`, `deleted`)
VALUES
	(32,'H0001','2018-04-01',0),
	(33,'A0001','2018-04-01',0),
	(34,'T0001','2018-04-01',0),
	(35,'K0001','2018-04-01',0),
	(36,'N0001','2018-04-01',0),
	(37,'H0002','2018-04-01',0),
	(38,'N0002','2018-04-01',0),
	(39,'Y0001','2018-04-01',0),
	(40,'H0003','2018-04-01',0),
	(41,'H0004','2018-04-01',0),
	(42,'A0002','2018-04-01',0),
	(43,'Y0002','2018-04-01',0),
	(44,'Y0003','2018-04-01',0),
	(45,'O0002','2018-04-01',0),
	(46,'C0001','2018-04-01',0),
	(47,'O0001','2018-04-01',0),
	(48,'G0001','2018-01-01',0),
	(51,'O0003','2018-04-01',0),
	(53,'A0001','2018-04-02',0);

/*!40000 ALTER TABLE `ak_data_kunjungan_pasien` ENABLE KEYS */;
UNLOCK TABLES;


# Dump of table ak_data_level
# ------------------------------------------------------------

DROP TABLE IF EXISTS `ak_data_level`;

CREATE TABLE `ak_data_level` (
  `id_level` int(11) NOT NULL AUTO_INCREMENT,
  `nm_level` char(100) NOT NULL,
  `deleted` tinyint(1) NOT NULL DEFAULT '0',
  PRIMARY KEY (`id_level`)
) ENGINE=InnoDB DEFAULT CHARSET=latin1;

LOCK TABLES `ak_data_level` WRITE;
/*!40000 ALTER TABLE `ak_data_level` DISABLE KEYS */;

INSERT INTO `ak_data_level` (`id_level`, `nm_level`, `deleted`)
VALUES
	(1,'Master',0);

/*!40000 ALTER TABLE `ak_data_level` ENABLE KEYS */;
UNLOCK TABLES;


# Dump of table ak_data_log
# ------------------------------------------------------------

DROP TABLE IF EXISTS `ak_data_log`;

CREATE TABLE `ak_data_log` (
  `id` varchar(128) NOT NULL,
  `ip_address` varchar(45) NOT NULL,
  `timestamp` int(10) unsigned NOT NULL DEFAULT '0',
  `data` blob NOT NULL,
  PRIMARY KEY (`id`,`ip_address`),
  KEY `ci_sessions_timestamp` (`timestamp`)
) ENGINE=InnoDB DEFAULT CHARSET=latin1;

LOCK TABLES `ak_data_log` WRITE;
/*!40000 ALTER TABLE `ak_data_log` DISABLE KEYS */;

INSERT INTO `ak_data_log` (`id`, `ip_address`, `timestamp`, `data`)
VALUES
	('25cecbv2293jde9eenj1ab48terg2a8b','::1',1522790771,X'5F5F63695F6C6173745F726567656E65726174657C693A313532323739303639323B6B6F64657C733A313A2231223B6E616D617C733A363A224D6173746572223B757365727C733A363A226D6173746572223B6C6576656C7C733A363A224D6173746572223B637265617465647C733A31393A22323031382D30342D30312031353A34363A3539223B69734C6F67696E7C623A313B'),
	('3ubmfg6dra5kgtngs4r37v0o6q5jt5oh','::1',1522740334,X'5F5F63695F6C6173745F726567656E65726174657C693A313532323734303331373B6B6F64657C733A313A2231223B6E616D617C733A363A224D6173746572223B757365727C733A363A226D6173746572223B6C6576656C7C733A363A224D6173746572223B637265617465647C733A31393A22323031382D30342D30312031353A34363A3539223B69734C6F67696E7C623A313B'),
	('5p9091s973qt41lrum5td9ov2sp4elct','::1',1523039595,X'5F5F63695F6C6173745F726567656E65726174657C693A313532333033393334333B6B6F64657C733A313A2231223B6E616D617C733A363A224D6173746572223B757365727C733A363A226D6173746572223B6C6576656C7C733A363A224D6173746572223B637265617465647C733A31393A22323031382D30342D30312031353A34363A3539223B69734C6F67696E7C623A313B'),
	('5thsl0999ril5k08tiioksa0kah91f80','::1',1522652780,X'5F5F63695F6C6173745F726567656E65726174657C693A313532323635323738303B'),
	('60um11g9fb954a7f9dae4sdptj7gt46a','::1',1522745009,X'5F5F63695F6C6173745F726567656E65726174657C693A313532323734353030383B6B6F64657C733A313A2231223B6E616D617C733A363A224D6173746572223B757365727C733A363A226D6173746572223B6C6576656C7C733A363A224D6173746572223B637265617465647C733A31393A22323031382D30342D30312031353A34363A3539223B69734C6F67696E7C623A313B'),
	('89tidvej6atvqurfrlq1bt82jd8prdcq','::1',1522652885,X'5F5F63695F6C6173745F726567656E65726174657C693A313532323635323838353B'),
	('8pvv49j75i4go5q08hbj3ubfjsmvjia0','::1',1527768730,X'5F5F63695F6C6173745F726567656E65726174657C693A313532373736383733303B'),
	('djfan5ltk1qt3clb5orvmeejsmkaj2cc','::1',1522652780,X'5F5F63695F6C6173745F726567656E65726174657C693A313532323635323738303B'),
	('h30eha5mn143qflv5hqvl0oovqohjm9e','::1',1522751874,X'5F5F63695F6C6173745F726567656E65726174657C693A313532323735313634383B6B6F64657C733A313A2231223B6E616D617C733A363A224D6173746572223B757365727C733A363A226D6173746572223B6C6576656C7C733A363A224D6173746572223B637265617465647C733A31393A22323031382D30342D30312031353A34363A3539223B69734C6F67696E7C623A313B'),
	('ki5vbvtu4ak8oe96hf2v510v25k65otd','::1',1522652822,X'5F5F63695F6C6173745F726567656E65726174657C693A313532323635323738383B'),
	('mlt0d2kl14gqq12q2mn6pb3abq9hlqsa','::1',1522575765,X'5F5F63695F6C6173745F726567656E65726174657C693A313532323537353531353B6B6F64657C733A313A2231223B6E616D617C733A363A224D6173746572223B757365727C733A363A226D6173746572223B6C6576656C7C733A363A224D6173746572223B637265617465647C733A31393A22323031382D30342D30312031353A34363A3539223B69734C6F67696E7C623A313B'),
	('n7ofit78nd0jj19i4ejjbbgpun36g2dk','::1',1524038020,X'5F5F63695F6C6173745F726567656E65726174657C693A313532343033383032303B'),
	('ns0s4ekol0kr6vnbq5bnnnch88e0aap8','::1',1523203590,X'5F5F63695F6C6173745F726567656E65726174657C693A313532333230333538393B6B6F64657C733A313A2231223B6E616D617C733A363A224D6173746572223B757365727C733A363A226D6173746572223B6C6576656C7C733A363A224D6173746572223B637265617465647C733A31393A22323031382D30342D30312031353A34363A3539223B69734C6F67696E7C623A313B');

/*!40000 ALTER TABLE `ak_data_log` ENABLE KEYS */;
UNLOCK TABLES;


# Dump of table ak_data_pasien
# ------------------------------------------------------------

DROP TABLE IF EXISTS `ak_data_pasien`;

CREATE TABLE `ak_data_pasien` (
  `id_pasien` char(50) NOT NULL COMMENT 'A00001',
  `nm_pasien` char(100) NOT NULL,
  `usia_pasien` int(11) DEFAULT NULL,
  `tgl_lahir_pasien` date DEFAULT NULL,
  `alamat_pasien` text,
  `jenis_kelamin_pasien` enum('Pria','Wanita') DEFAULT NULL,
  `status_pasien` enum('Baru','Lama') NOT NULL DEFAULT 'Baru',
  `total_kunjungan_pasien` bigint(20) NOT NULL DEFAULT '1',
  `deleted` tinyint(1) NOT NULL DEFAULT '0',
  PRIMARY KEY (`id_pasien`)
) ENGINE=InnoDB DEFAULT CHARSET=latin1;

LOCK TABLES `ak_data_pasien` WRITE;
/*!40000 ALTER TABLE `ak_data_pasien` DISABLE KEYS */;

INSERT INTO `ak_data_pasien` (`id_pasien`, `nm_pasien`, `usia_pasien`, `tgl_lahir_pasien`, `alamat_pasien`, `jenis_kelamin_pasien`, `status_pasien`, `total_kunjungan_pasien`, `deleted`)
VALUES
	('A0001','Akiyama Mio',0,'1992-01-15','Jl. K-On Blok A No.1','Wanita','Lama',3,0),
	('A0002','Akasaka Ryuunosuke',22,'1996-01-01','Jl. Sakurasou Blok A No. 2','Pria','Baru',2,1),
	('C0001','Chitanda Eru',0,'1997-08-15','Jl. Hyouka Blok C No. 1','Wanita','Baru',1,0),
	('G0001','Gilang Pratama Priadi',21,'1996-04-05','Jl. Raya Banjaran No. 112 D','Pria','Baru',1,1),
	('H0001','Hirasawa Yui',NULL,'1991-11-27','Jl. K-On Blok H No.1','Wanita','Baru',1,0),
	('H0002','Hirasawa Ui',NULL,'1993-02-22','Jl. K-On Blok H No.1','Wanita','Baru',1,0),
	('H0003','Hachiman Hikigaya',0,'1996-08-08','Jl. Oregairu Blok H No. 3','Pria','Baru',2,0),
	('H0004','Handa Seihuu',NULL,'1996-08-15','Jl. Barakamon Blok H No. 4','Pria','Baru',1,0),
	('K0001','Kotobuki Tsumugi',NULL,'1991-07-02','Jl. K-On Blok K No.1','Wanita','Baru',1,0),
	('N0001','Nakano Azusa',NULL,'1992-11-11','Jl. K-On Blok N No.1','Wanita','Baru',1,0),
	('N0002','Nodoka Manabe',NULL,'1991-12-26','Jl. K-On Blok N No.2','Wanita','Baru',1,0),
	('O0001','Oreki Tomoe',NULL,'1992-06-28','Jl. Hyouka Blok O No. 1','Wanita','Baru',1,0),
	('O0002','Oreki Hotarou',0,'1997-06-28','Jl. Hyouka Blok H No. 5','Pria','Baru',1,0),
	('O0003','Ozora Tsubasa',NULL,'1988-07-28','Jl. Nankatsu Blok O No. 3','Pria','Baru',1,0),
	('T0001','Tainaka Ritsu',NULL,'1991-08-21','Jl. K-On Blok T No.1','Wanita','Baru',1,1),
	('Y0001','Yamanaka Sawako',NULL,'1985-01-31','Jl. K-On Blok Y No.1','Wanita','Baru',1,1),
	('Y0002','Yuigahama Yui',0,'1998-06-26','Jl. Oregairu Blok Y No. 2','Wanita','Baru',1,0),
	('Y0003','Yukinoshita Yukino',NULL,'1998-01-03','Jl. Oregairu Blok Y No. 3','Wanita','Baru',1,0);

/*!40000 ALTER TABLE `ak_data_pasien` ENABLE KEYS */;
UNLOCK TABLES;


# Dump of table ak_data_user
# ------------------------------------------------------------

DROP TABLE IF EXISTS `ak_data_user`;

CREATE TABLE `ak_data_user` (
  `id_user` int(11) NOT NULL AUTO_INCREMENT,
  `nm_user` char(100) NOT NULL,
  `login_user` char(50) NOT NULL,
  `pass_user` varchar(60) NOT NULL,
  `level_user` int(11) NOT NULL,
  `last_login` datetime DEFAULT NULL,
  `created_date` datetime NOT NULL DEFAULT CURRENT_TIMESTAMP,
  `deleted` tinyint(1) NOT NULL DEFAULT '0',
  PRIMARY KEY (`id_user`)
) ENGINE=InnoDB DEFAULT CHARSET=latin1;

LOCK TABLES `ak_data_user` WRITE;
/*!40000 ALTER TABLE `ak_data_user` DISABLE KEYS */;

INSERT INTO `ak_data_user` (`id_user`, `nm_user`, `login_user`, `pass_user`, `level_user`, `last_login`, `created_date`, `deleted`)
VALUES
	(1,'Master','master','$2y$10$0Grex/baspatrSzU4Q130.V3VqV/Pq1bOizCgAIGSDbRP8LYvFEYi',0,'2018-05-31 00:00:00','2018-04-01 15:46:59',0),
	(2,'User','user','$2y$10$n3LOWcFCiBGN2gyQ133p0OM3SdUmxTPeVUVT0lrwqAaQkn.9jbDFC',0,'2018-05-31 00:00:00','2018-04-01 15:46:59',0);

/*!40000 ALTER TABLE `ak_data_user` ENABLE KEYS */;
UNLOCK TABLES;



/*!40111 SET SQL_NOTES=@OLD_SQL_NOTES */;
/*!40101 SET SQL_MODE=@OLD_SQL_MODE */;
/*!40014 SET FOREIGN_KEY_CHECKS=@OLD_FOREIGN_KEY_CHECKS */;
/*!40101 SET CHARACTER_SET_CLIENT=@OLD_CHARACTER_SET_CLIENT */;
/*!40101 SET CHARACTER_SET_RESULTS=@OLD_CHARACTER_SET_RESULTS */;
/*!40101 SET COLLATION_CONNECTION=@OLD_COLLATION_CONNECTION */;
